"","Tool","Model","N","mean","sd"
"1","EMFSolutionATL","GeneratedI4O2Seed42.ttmodel",9,343.595877777778,204.056330043629
"2","EMFSolutionATL","GeneratedI8O2Seed68.ttmodel",9,15574.8370444444,23010.2953969124
"3","EMFSolutionATL","GeneratedI8O4Seed68.ttmodel",9,20138.4797888889,29842.0424202121
"4","Fulib","GeneratedI4O2Seed42.ttmodel",9,50.5862111111111,30.638377294108
"5","Fulib","GeneratedI8O2Seed68.ttmodel",9,50.0372555555556,4.87043834041432
"6","Fulib","GeneratedI8O4Seed68.ttmodel",9,51.2917555555556,4.44872617529757
"7","JavaSolutionTT2BDD","GeneratedI4O2Seed42.ttmodel",9,116.443577777778,91.1231636155536
"8","JavaSolutionTT2BDD","GeneratedI8O2Seed68.ttmodel",9,181.032,61.4885378961193
"9","JavaSolutionTT2BDD","GeneratedI8O4Seed68.ttmodel",9,186.245144444444,49.5274246534965
