"","Tool","Model","N","mean","sd"
"1","JavaSolutionTT2BDD","GeneratedI10O2Seed68.ttmodel",9,361.675522222222,94.9126070871354
"2","JavaSolutionTT2BDD","GeneratedI12O2Seed7634.ttmodel",9,646.456488888889,332.573671606993
"3","JavaSolutionTT2BDD","GeneratedI14O4Seed7634.ttmodel",9,2546.58701111111,1930.40946033157
"4","JavaSolutionTT2BDD","GeneratedI15O5Seed282316.ttmodel",9,5103.88707777778,4708.70748462797
"5","JavaSolutionTT2BDD","GeneratedI4O2Seed42.ttmodel",9,126.142022222222,102.921638786054
"6","JavaSolutionTT2BDD","GeneratedI8O2Seed68.ttmodel",9,202.140377777778,91.8855598996624
"7","JavaSolutionTT2BDD","GeneratedI8O4Seed68.ttmodel",9,209.153411111111,63.9733363305261
